id,answer
1/0.jpg,An Quý Quỳnh Phụ Thái Bình
1/1.jpg,951/72/7 Nguyễn Tri Phường P39 Q 54 Tp Hồ Chí Minh
1/10.jpg,Ấp Ngọc Hồ Tam Ngãi Cầu Kè Trà Vinh
1/11.jpg,197 Đường 53 Tân Kiểng Quận 6 Tp Hồ Chí Minh
1/12.jpg,Phường 3 Thị Xã Ngã Năm Sóc Trăng
1/13.jpg,Tổ 35 Hoà An Cẩm Lệ Đà Nẵng
1/14.jpg,Thôn 1 Ea Khur Cư Kuin Đắk Lắk
1/15.jpg,Thuận Lộc Thành Phố Huế Thừa Thiên Huế
1/16.jpg,58/7 Huỳnh Tấn Phút Tân Phú Quận 6 Tp Hồ Chí Minh
1/17.jpg,486/48 Hoà Lộc Vĩnh Hoà Chợ Lách Bến Tre
1/18.jpg,Khu Cẩm Trưng Tp Hải Dương Hải Dương
1/19.jpg,973 77 95 Kp 6 Tan Bình Thành Phố Thủ Đức Hồ Chí Minh
1/2.jpg,Tổp Thanh Bình Thị Trấn Kếp Lạng Diang Bắc Giang
1/20.jpg,Tổ 8 Ấp Cà Na An Bình Phú Xuác Bình Dương
1/21.jpg,Quảng Cát Tp Thanh Hoá Thanh Hoá
1/22.jpg,Hà Lam Thăng Bình Quảng Nam
1/23.jpg,Ninh Đa Thị Xã Ninh Hoà Khánh Hoà
1/24.jpg,Thôn Lý Trường Bình Phú Thăng Bình Quảng Nam
1/25.jpg,55 Cống Lô Phường 22 Tân Bình Tp Hồ Chí Minh
1/26.jpg,Kp7 Bảo An Tp Phan Rang Tháp Chàm Ninh Thuận
1/3.jpg,73/212 Bùi Thị Xuân Thuỷ Biều Huế Thừa Thiên Huế
1/4.jpg,Ấp Cầu Tre Long Thới Tiểu Cần Trà Vinh
1/5.jpg,H Đồng Hỷ T Thái Nguyên
1/6.jpg,Thạnh Phước Thạnh Hoá Long An
1/7.jpg,Thượng Xuân Bách Thuận Vũ Thư Thái Bình
1/8.jpg,Đông Vinh Hà Vinh Hà Trung Thanh Hoá
1/9.jpg,Tổ 78 Tường Phúc Vĩnh Phước Nha Trang Khánh Hoà
101/0.jpg,Thanh Đức Long Hồ Vĩnh Long
101/1.jpg,Liên Phương Thành Phố Hưng Yên Hưng Yên
101/10.jpg,51a Ấp 3 Nhơn Đức Nhà Bè Hồ Chí Minh
101/11.jpg,Kim Âu Đặng Xá Gia Lâm Hà Nội
101/12.jpg,Ấp Hoàn Quân Long Giao Cẩm Mỹ Đồng Nai
101/13.jpg,Hàng Bồ Hoàn Kiếm Hà Nội
101/14.jpg,94 Phạm Lịnh Công Thành Phố Hải Dương Hải Dương
101/15.jpg,Bản Chang Lê Lợi Nậm Nhân Lai Châu
101/16.jpg,Khêi Kỳ Đại Từ Thái Nguyên
101/17.jpg,Vĩnh Phúc
101/18.jpg,Thôn Hoà Bình Nghĩa Hoà Tư Nghĩa Quảng Ngãi
101/19.jpg,Khu 3 Thanh Minh Thị Xã Phú Thọ Phú Thọ
101/2.jpg,Tổ 5 Tây Nam Vĩnh Hải Nha Trung Khánh Hoà
101/20.jpg,Quang Sơn Thành Phố Tam Điệp Ninh Bình
101/21.jpg,Phú Lương Phú Vang Thừa Thiên Huế
101/22.jpg,Dên Sối Thành Long Châu Thành Tây Ninh
101/23.jpg,Tổ Dân Phố 2 Thị Trấn Ea Thrng Củ Xút Đắk Nông
101/24.jpg,Phú Đức Phú Nam An Chương Mỹ Hà Nội
101/25.jpg,13/6 Hậu Giang Phường 75 Quận 2 Tp Hồ Chí Minh
101/26.jpg,Thống Nhất Thường Tín Hà Nội
101/3.jpg,Quyết Thắng Thành Phố Biên Hoà Đồng Nai
101/4.jpg,Ấp Minh Dùng Minh Thuận 4 Minh Thượng Kiên Giang
101/5.jpg,69 Phan Văn Sửu Phường 4 Tân Bình Tp Hồ Chí Minh
101/6.jpg,Đa Phước Bình Chánh Tp Hồ Chí Minh
101/7.jpg,Ấp Hai Tdt Tây Yên A An Biên Kiên Giang
101/8.jpg,Tây Hồ Thọ Xuân Thanh Hoá
101/9.jpg,Xóm Tân Phường Trực Hùng Trực Ninh Nam Định
14/0.jpg,99/75 Lý Chính Thắng P Võ Thị Sán Q9 Tp Hồ Chí Minh
14/1.jpg,Thôn Lăng Quảng Tri Phú Chêm Hoá Tuyên Quang
14/10.jpg,Xuân Thành Xuân Lộc Đồng Nai
14/11.jpg,Tổ 6 Khu Phố A Thị Trấn Tân Hiệp Tân Hiệp Kiên Giang
14/12.jpg,359/37 Tx 81 Tân Tạo Bình Tân Tp Hồ Chí Minh
14/13.jpg,Thị Trấn Mỹ Lương Chợ Mới An Giang
14/14.jpg,Tổ 3 Hội Thượng Thành Phố Phưlu Gia Lai
14/15.jpg,Tân Thành Tp Ninh Bình Ninh Bình
14/16.jpg,Xã Đông Xuân Huyện Đông Hưng T Thái Bình
14/17.jpg,Cẩm Châu Cẩm Thuỷ Thanh Hoá
14/18.jpg,Tam Ngọc Thành Phố Tam Kỳ Quảng Nam
14/19.jpg,Xuân Tây Trường Xuân Tam Kỳ Quảng Nam
14/2.jpg,483/98 Kp8 Tam Hiệp Thành Phố Biên Hoà Đồng Nai
14/20.jpg,Hoà Bắc Đại Nghĩa Đại Lộc Quảng Nam
14/21.jpg,Thanh Mỹ Lợi Tp Thủ Đức Hồ Chí Minh
14/22.jpg,Phú Tâm Châu Thành Sóc Trăng
14/23.jpg,451/39 Lạc Long Quân Phường 1 Quận 64 Tp Hồ Chí Minh
14/24.jpg,Bình Trị Bình Sơn Quảng Ngãi
14/25.jpg,Bản Chuới Lâm Hoá Tuyên Quang Quảng Bình
14/26.jpg,59 Linh Trung Kp3 Linh Truy Thành Phố Thủ Đức Hồ Chí Minh
14/3.jpg,Thôn Diêm Vân Phước Thuận Tuy Phước Bình Định
14/4.jpg,37/2 Ấp Thạnh Qui A Bình Thạnh Thạnh Phú Bến Tre
14/5.jpg,Phù Đồng Nhơn Trạch Đồng Nai
14/6.jpg,1/72b Ấp 8 Nhơn Đức Nhà Lè Hồ Chí Minh
14/7.jpg,Số 87 Trần Kim Xuyến Hoà Xuân Cẩm Lộ Đà Nẵng
14/8.jpg,Hương Ngơi Thạch Thất Hà Nội
14/9.jpg,7718/42 Phạm Thế Hiển Phường 4 Quận 6 Tp Hồ Chí Minh
16/0.jpg,Thông Giang Hồng 7 Cẩm Giang Cẩm Thuỷ Thanh Hoá
16/1.jpg,Ấp 5 Mỹ Đông Tháp Mrờần Đồng Tháp
16/10.jpg,21/6 Phạm Việt Chánh P59 Bình Thạnh Tp Hồ Chí Minh
16/11.jpg,Hảu Cảng Thành Phố Quy Nhơn Bình Định
16/12.jpg,Xóm 21 Thôn Tuân Lễ Phước Hiệp Tuy Phước Bình Minh
16/13.jpg,Thôn 9 Lâm Trạch Bế Trạch Quảng Bình
16/14.jpg,Thị Xã Bình Minh Vĩnh Long
16/15.jpg,Ấp 6 Tân Lộc Thới Bình Cà Mau
16/16.jpg,Kiến Thuỵ Hải Phòng
16/17.jpg,22/256 Trường Trnh P Quang Trình Tp Nam Định
16/18.jpg,Trung An Mỹ Tho Tiền Giang
16/19.jpg,Tổ 1 Thông 9 Hàm Đức Hàm Thuận Bắc Bình Thuận
16/2.jpg,Hưng Long Bình Chánh Tp Hồ Chí Minh
16/20.jpg,Ấp Sác Sang Ngọc Thành Giồng Bằng
16/21.jpg,Ấp Bến Sần Phước Thiến Nhơn Trạch Đồng Nai
16/22.jpg,Nam Cổ Hiến Hiến Ninh Quảng Ninh Quảng Bàn
16/23.jpg,Thị Trấn Quảng Hà Hải Hà Quảng Ninh
16/24.jpg,Tổ 65 Khu Phố 4 Trần Quang Diệu Tp Quy Nhơn Bình Định
16/25.jpg,Bình Lợi Bình Chán Tp Hồ Chí Minh
16/26.jpg,Điện Quang Thị Xã Điện Bàn Quảng Nam
16/3.jpg,Ấp Phú Duỹỳ Hạ Phú Thọ Phú Tân An Giang
16/4.jpg,Tiểu Ku 95 Tt Phú Yên
16/5.jpg,Huyện Phả Mỹ Bình Định
16/6.jpg,Ấp Hậu Bốc Đại Hải Kế Báo Sóc Trăng
16/7.jpg,Tổ Hồ An Mỹ Quyỳnh Phụ Thán Bình
16/8.jpg,Phú Thuỷ Tp Nhan Thiết Bình Thuận
16/9.jpg,Bình Khánh Thành Phố Long Xuyên An Giang
164/0.jpg,Hương Sơn on Hương Tr Bà Rịa Bà Rịa Vũng Tàu
164/1.jpg,Đức Ninh Đông Mội Quảng Bình
164/10.jpg,Ấp Qui Nông B Hoà Lợi Châu Thành Trà Vinh
164/11.jpg,6b Trần Cao Phố Huế Hai Bà Trưng Hà Nội
164/12.jpg,Hoà Trạch Bế Trạch Quảng Bình
164/13.jpg,Phường 99 Quận 92 Hồ Chí Minh
164/14.jpg,Tdp Ngọc Trục Đại Mỗ Nam Từ Liêm Hà Nội
164/15.jpg,78 Khu Gia Đình Tai Mỹ Đình 7 Nam Từ Liêm Hà Nội
164/16.jpg,Tả Phời Tp Lào Cai Lào Lai
164/17.jpg,Tiên Lãnh Tiên Phước Quảng Nam
164/18.jpg,Hưng Long Tp Phan Thiết Bình Thuận
164/19.jpg,Long Thạch Đông Tam Hải Núi Thành Quảng Nam
164/2.jpg,Khu 9 Đan Thượng Hạ Hoà Phú Thọ
164/20.jpg,Nam Hiếu Cam Hiếu Cam Lô Quảng Trị
164/21.jpg,Thôn Bài Yên Bài Ba Vì Hà Nội
164/22.jpg,Thôn Trung Ngoai Hoàng Yến Hoằng Hoá Thanh Hoá
164/23.jpg,Tổ 1 Khu Phố A Thanh Hải Tp Phan Thiết Bình Thuận
164/24.jpg,Đông Sơn Chương Mỹ Hà Nội
164/25.jpg,Buân Kò Ea Bông Krông Ana Đắk Lắk
164/26.jpg,Ấp 5 Vĩnh Trung Vị Thuỷ Hậu Giang
164/3.jpg,Thị Trấn Sc Sơn Hà Đất Kiên Giang
164/4.jpg,5825 Xuân Thun Tổ 13 Định Long Hau Cầu Giấy Hà Nội
164/5.jpg,Nà Nhan Tp Điện Biên Phú Biên Biên
164/6.jpg,Thôn 6 Cư A Mung Ea H'leo Đắk Lắk
164/7.jpg,Cong Liên Nông Cống Thanh Hoá
164/8.jpg,Tổ 36 Mỹ An Ngũ Hành Sơn Đà Nẵng
164/9.jpg,Phong Đông Vĩnh Thuận Kiên Giang
168/0.jpg,Thôn Đình Bồ Sao Vĩn Tường Lĩnh Phúc
168/1.jpg,Trum Lĩh Nông Cống Thanh Hoá
168/10.jpg,Thanh Hai Hoàn Hoà Thám Tp Chí Linh Hải Dương
168/11.jpg,Thôn 6 Ha Bằng Thạch Thất Hà Nội
168/12.jpg,Nghĩa Khánh Nghĩa Đàn Nghệ An
168/13.jpg,Nà Thái Hà Trung Thanh Hoá
168/14.jpg,Tổ 1 Ấp Vĩnh Thố Vĩnh Lộc An Phú An Giang
168/15.jpg,Sơn Đông Linh Lậpg Thanh Vĩnh Phúc
168/16.jpg,Sơn Đông Linh Lập Thạch Vĩnh Phúc
168/17.jpg,Tổ 6 Khu Thố 5ở Thị Trấi Lĩnh An Vĩnh Cửu Đồng Nai
168/18.jpg,9882 Lương Thị Vinh Tân Thới Hoà Tân Phú Hồ Chí Minh
168/19.jpg,Nam Hưng Tiên Làng Hải Phòng
168/2.jpg,Hoà Thích Tân Hoà Phú Yên
168/20.jpg,Tổ 1 Ấp 4 Bàn Can Long Thành Đồng Nai
168/21.jpg,Thôn Bến Đồ Bạch Xa Hàm Yên Tuyên Quang
168/22.jpg,Thuỷ Dương Hương Thuỷ Thừa Thiêu Huế
168/23.jpg,Thôn Cái Văn Nham Hiệ Luy Lạng Sơn
168/24.jpg,Xóm 7 Hai Ký Hải Hâu Nam Định
168/25.jpg,Hải Đông Hải Hậu Nam Định
168/26.jpg,963/95/26 Hồng Bàng Thường 52 Quận 6 Tp Hồ Chí Minh
168/3.jpg,Yên Ngâng Tam Hiện Thanh Trì Hà Nội
168/4.jpg,Hải Vụ Liễn Bình Tân Thạch Long An
168/5.jpg,Thôn An Vinh Vũ An Kến Xương Thái Bình
168/6.jpg,Kv Thớ Xương 7 Thới Long Ô Đôn Cần Thơ
168/7.jpg,Tổ 87 Tịnh Lươn Phú Lương Hà Đông Hà Nội
168/8.jpg,2/8 Lê Văn Hiểu Phường 1 Thành Phố Tân An Long An
168/9.jpg,Thôn Tân Hoà Tân Lê Hưng Hà Thái Bình
169/0.jpg,Ấp 2 An Thạch Bến Lớc Long An
169/1.jpg,98a /65 Khu Phố 8 Quyết Thắng Thành Phố Biên Hoà Đồng Nai
169/10.jpg,Đông Đô Hùng Hà Thái Bình
169/11.jpg,Xóm Nau Đạu Yên Trạch Phú Lương Thái Nguyên
169/12.jpg,Xóm 66 Hồng Thuận Giao Thuỷ Nam Định
169/13.jpg,Ấp Bình Hống 2 Đại Hoà Hộc Bình Đại Bến Tre
169/14.jpg,Vĩnh Tây Nhú Sam Thành Phố Châu Đốc An Giang
169/15.jpg,Vĩnh Thuận Kp Kiên Giang
169/16.jpg,199 Tx Hiển Thành Phường 57 Quận 65 Hồ Chí Minh
169/17.jpg,Xóm Hồn Na Mà Thành Yên Nghệ An
169/18.jpg,Ấp Vĩnh Hung Vinh Qảái Thị Xã Ngã Năm Sóc Trăng
169/19.jpg,Tt Thiện Hoá Thiệu Hoá Thanh Hoá
169/2.jpg,Tân Phước Tân Hồng Đồng Tháp
169/20.jpg,812/13 Võ Vân Kit Phường 55 Quận 5 Hồ Chí Minh
169/21.jpg,926/2/8 Nguyễ Hinu Cánh P 3i Tp Víh Tàn Bè Cy Vinh Thuận
169/22.jpg,Thôn 4 Thị Trấn Ea Supi Ea Súp Đắnh Lắk
169/23.jpg,Nhật Trấn Kim Bảng Hà Nam
169/24.jpg,Châu Sơn Đình Lợp Lạng Sơn
169/25.jpg,684 Hưng Nhơn Hưng Loc Thống Nhất Đồng Nai
169/26.jpg,98 Phú Sai Phường Sai Nha Trang Khánh Hoà
169/3.jpg,Tt Năm Căn Nam Sĩ Cà Mau
169/4.jpg,Thành Phố Nam Định Nam Định
169/5.jpg,Cụạm 8 Tân Hội Thượng Hà Nội
169/6.jpg,94 Kim Mà Thượng Cống Vị Ba Đình Hà Nội
169/7.jpg,Thôn Lộc An Thới Hạn An Thuỷ Lệ Thuỷ Quảng Bình
169/8.jpg,Số 9 Ngõ 74/3 Nguyễn Khánh Toàn Tổ 8 Quan Hoai C Vtn
169/9.jpg,Kinh Tổ Mới Suốc Tiên Diên Khánh Khánh Hoà
214/0.jpg,Thôn Châu Sơn Hưng Sơn Bình Xuyên Vĩnh Phúc
214/1.jpg,Thôn Try Thạch Bần Gián Lập Thạch Vĩnh Phước
214/10.jpg,Trường Yên Chương Mỹ Hà Nội
214/11.jpg,Trung Văn Nam Từ Liêm Hà Nội
214/12.jpg,Thôn Hoàng Dụ Kỳ Phong Kỳ Anh Hà Tĩnh
214/13.jpg,Trằng Minh Kiến An Hải Phòng
214/14.jpg,Thôn Nghĩa Lộ Vũng Xuyên Phú Thọ Hà Nội
214/15.jpg,Vĩnh Thịnh Vĩnh Tường Vĩnh Phúc
214/16.jpg,Văn Thắng Kiến Xương Thái Bình
214/17.jpg,48 Nhơn Thuận Nhơn Thạnh Trung Tp Tân An Long An
214/18.jpg,Thôn Trực Lâm Hoàng Diệu Gin Lộc Hải Dương
214/19.jpg,Tổ 3 P Long Biên Long Biên Hà Nội
214/2.jpg,Thôn Thọ Lộc Minh Khai Vũ Thư Thái Bình
214/20.jpg,Ấp An Chu Bắc Sơn Trảng Bom Đồng Nai
214/21.jpg,Khối 8 Vĩnh Điện Điện Bàn Quảng Nam
214/22.jpg,Cẩn 4683 Ct8 Kt1 Vĩnht Hưung Vĩnh Ngọc Nha Trang Bai
214/23.jpg,9/28 Phạm Quý Thích Tân Quỳ Tân Phú Tp Hồ Chí Minh
214/24.jpg,Xóm Hương Sơn Tân Hương Thị Xã Phố Yên Thái Nguyên
214/25.jpg,Khóm 8 Phường 8 Thành Phố Cà Mau Cà Mau
214/26.jpg,Tt Tân Tuy Tân Trụ Long An
214/3.jpg,Thị Trấn Pli Kăn Ngọc Hoà Kon Tum
214/4.jpg,Phú Yên Phú Xuyên Hà Nội
214/5.jpg,Phố 7 Ấp 8 Phú Minh Định Quân Đồng Nai
214/6.jpg,Hoà Mạc Thị Xã Duy Tiên Hà Nam
214/7.jpg,Anh Thạnh Trung Chợ Mới An Giang
214/8.jpg,Văn Xá Kim Bảng Hà Nam
214/9.jpg,Xã Khánh Sơn Huyện Nam Đàn Nghệ An
215/0.jpg,Bình Hàng Trung Cao Lãnh Đồng Tháp
215/1.jpg,58 Nhơn Thuận Nhơn Trạch Trung Tp Tân An Long An
215/10.jpg,Xóm 3 Yên Nộn Đồng Quang Quốc Oai Hà Nội
215/11.jpg,1646/2 Bê Tây Nhà Mát Thành Phố Bạc Liêu Bạc Liêu
215/12.jpg,Thôn Thàng 35 Yên Lâm Hàm Yên Tuyên Quang
215/13.jpg,Phú Cường Thủ Dầu Một Bình Dương
215/14.jpg,Phú Quới Phù An Phú Tân An Giang
215/15.jpg,Khu Phố 6 P Dương Đông Tp Phù Quốc Kiên Giang
215/16.jpg,Thôn Quỳ Sơn Cẩm Quý Cẩm Thuỷ Thanh Hoá
215/17.jpg,
215/18.jpg,89 Long Mỹ Long Thành Bắc Hoà Thành Tây Ninh
215/19.jpg,67 Ấp 4 Phước Lộc Nhà Bè Tp Hồ Chí Minh
215/2.jpg,Thôn 6 Xuân Thọ Triệu Sơn Thanh Hoá
215/20.jpg,496 Quốc Tú Giàm Đống Đa Hà Nội
215/21.jpg,Hiệp Thành Thành Phố Bạo Liêu Bạc Liêu
215/22.jpg,Đắk Cẩm Thành Phố Lon Tum Kin Tum
215/23.jpg,An Thành 9 Bình An Thăng Bình Quảng Nam
215/24.jpg,Quang Trung Đống Đa Hà Nội
215/25.jpg,5832/4 Huyện 6 Văn Bánh Phường 38 Phú Ngôn T Hà Định
215/26.jpg,Thôn Hợp Nhất Lai Lu Kim Thành Hải Dương
215/3.jpg,Gita Lương Gia Lộc Hải Dương
215/4.jpg,Tổ 1 Thanh Kiều Thanh Lương Bình Long Bình Phước
215/5.jpg,Khối 67 Hưng Bình Vinh Nghệ An
215/6.jpg,Khu Minh Giang Hưng Xuyên Đamn Hùng Phú Thọ
215/7.jpg,Thôn Duyệ Định Lạc Di Linh Lâm Đồng
215/8.jpg,241/23 Xãm Đắt Phường 81 Quận 38 Tp Hồ Chí Minh
215/9.jpg,Trường Thọ An Lão Hải Phòng
25/0.jpg,Ấp 6 Tắo Vân Tp Cà Mau Cà Mau
25/1.jpg,Tấn Tài Tp Phan Rang Tháp Châu Ninh Thuận
25/10.jpg,Xóm Đồng Mạc Tiên Hộ Đại Từ Thái Nguyên
25/11.jpg,Hiệp Bình Phước Tp Thủ Đức Tp Hồ Chí Minh
25/12.jpg,Thị Trấn Cao Thượng Tân Yên Bắc Giang
25/13.jpg,88 Kv Thạnh Mỹ Thường Thạch Cái Răng Cần Thơ
25/14.jpg,An Trạch Đông Hải Bạc Liêu
25/15.jpg,Xóm Lâm Truy Giao Phong Giao Thuỷ Nam Định
25/16.jpg,Xóm 4 Nam Hải Nghĩa Hải Nghĩa Hưng Nam Định
25/17.jpg,Thôn Phú Mỹ 8 Phước Lộc Tuy Phước Bình Định
25/18.jpg,Ấp Phú Quý 7 La Ngã Định Quáno Đồng Nai
25/19.jpg,Tổ 8 Ấp Mỹ Tân Mỹ Hạ Đông Chợ Mưới An Giang
25/2.jpg,Tổ 63 Nại Hiên Đông Sơn Trà Đà Nẵng
25/20.jpg,4bhCẩy A8 Kđc Đg Đồng Khánh Tân Khanh Đông Sađéc Đồng Tháp
25/21.jpg,Diễn Hồng Diễn Châu Nghệ An
25/22.jpg,Ấp Đào Viên Thạnh Quới Mỹ Xuyên Sóc Trăng
25/23.jpg,Tân Tiến Vĩnh Tường Vĩnh Phúc
25/24.jpg,Đạo Thạnh Mỹ Tho Tiền Giang
25/25.jpg,Láng Tràn Thị Xã Giá Rai Bạc Liêu
25/26.jpg,Thôn Thắng Long Bắc Sơn Hưng Hà Thái Bình
25/3.jpg,Sa Ngha An Cộ Châu Thành Tây Ninh
25/4.jpg,Ấp Tân Thành Lợi An Trần Văn Thời Cà Mau
25/5.jpg,Thôn 1 Bà Trại Ba Vì Hà Nội
25/6.jpg,Xóm Đồi Hợp Tiến Kim Bằi Hoà Bình
25/7.jpg,Hoàng Diệu Hải Châu Đà Nẵng
25/8.jpg,Long Hậu Lai Vung Đồng Tháp
25/9.jpg,Phường T79 Quận 1 Tp Hồ Chí Minh
252/0.jpg,541/21 Phan H/đk P 92 Tb Tp Hà Minh
252/1.jpg,54 Trần Hưng Đạc Thành Phố Rạch Giác Kiên Giang
252/10.jpg,Thị Trấn Tiểu Cần Tiểu Cần Trà Vinh
252/11.jpg,Tổ 74 Ấp 7 Xuân Hưng Xuân Lộc Đồng Nai
252/12.jpg,Thị Trấn Đông Phú Quế Sơn Quảng Nam
252/13.jpg,Phường 18 Gò Vấp Hồ Chí Minh
252/14.jpg,Tổ Dân Phố Tiếu Hoàng Thị Trấn Tiền Hải Tiền Hả Thái Bình
252/15.jpg,Tây Xuân Tây Sơn Bình Định
252/16.jpg,37/26 Đốc Ngũ Liễu Dai Ba Đình Hà Nội
252/17.jpg,Trung Hưng Cờ Đỏ Cần Thơ
252/18.jpg,Thị Trấn Núi Đôi Kiến Thuỵ Hải Phòng
252/19.jpg,Phước Thạnh Gò Dầu Tây Ninh
252/2.jpg,Thôn Đồng Trang Hồng An Hưng Hà Thái Bình
252/20.jpg,Thôn 9 Dân Trù Yên Phương Yên Lạc Vĩnh Phúc
252/21.jpg,Sơn Lợi Bình Xuyên Vĩnh Phúc
252/22.jpg,Thôn Chí Phú Thanh Chi Thanh Chương Nghệ An
252/23.jpg,Mỹ Lợi A Cái Bè Tiền Giang
252/24.jpg,738/8 Trần Xuân Siạn Kp4 P Tân Hưng Quận 7 Tp Hcm
252/25.jpg,Tổ 75 Xuân Hà Thanh Khê Đà Nẵng
252/26.jpg,Tiểu Khu Da Khon Thị Trấn An Mộc Châu Mộc Châu Sơn La
252/3.jpg,Tổ Dân Phố 6 Thị Trấn Phố Châu Hương Sơn Hà Vinh
252/4.jpg,Tiên Phương Chương Mỹ Hà Nội
252/5.jpg,Lâm Ya Bá Thước Thanh Hoá
252/6.jpg,Long Hưng 8 Long Sơn Thị Xã Tân Châu An Giang
252/7.jpg,Yên Lư Yên Dũng Bắc Giang
252/8.jpg,Bắc An Thành Phố Chí Linh Hải Dương
252/9.jpg,66h/36a Đô Vinh Sửu Phường 89 Quận 8 Hồ Chí Minh
253/0.jpg,488a3 Mỹ Tân Phường 3 Thành Phố Bến Tre Bến Tre
253/1.jpg,Thôn Thông B 6i Tân Trường Thị Xã Nghi Bin
253/10.jpg,Xóm Cầu Gàng Văn Yên Đại Từ Thái Nguyên
253/11.jpg,Thôn Như Ngọ Phước Thái Ninh Phước Ninh Thuận
253/12.jpg,Phú Thượng Huế Thừa Thiên Huế
253/13.jpg,Hồng Giang Lục Ngạn Bắc Giang
253/14.jpg,Bản Long Hồ Tà Lại Mộc Châu Sơn La
253/15.jpg,Lê Lợi Thành Phố Kon Tum Kom Tum
253/16.jpg,Thôn Hợp Thành Phú Nhuận Lục Ngạn Bắc Giang
253/17.jpg,Gia Đức Thuỷ Nguyên Hải Phòng
253/18.jpg,Ấp Sơn Thuận Mỹ Thuận Hòn Đất Kiên Giang
253/19.jpg,Đại Phước Nhơn Trạch Đồng Nai
253/2.jpg,777/39/3 Đc 22 Định Hoà Tp Thủ Dầu Một Bình Dương
253/20.jpg,Tổ 4a Ấp Chánh Tân Thông Hộ Củ Chi Hồ Chí Minh
253/21.jpg,Đông Phú Lục Nam Bắc Giang
253/22.jpg,Long Điền Tây Đông Hải Bạc Liêu
253/23.jpg,Nghĩa Thái Tân Kỳ Nghệ An
253/24.jpg,4/9c Đp 4 Kp8 Linh Xuân Thành Phố Thủ Đức Hồ Chí Minh
253/25.jpg,Thới An Ô Min Tp Cần Thơ
253/26.jpg,Thôn Yên Tập Yên Lư Yên Dũng Bắc Giang
253/3.jpg,Già Tường Nho Quan Ninh Bình
253/4.jpg,Xóm 8 Hải Anh Hải Hậu Nam Định
253/5.jpg,52/34 Vĩnh Phú Vĩnh Thành Chợ Lách Bến Tre
253/6.jpg,Thanh Trí Minh Phú Sóc Sơn Hà Nội
253/7.jpg,Nam Trường Giang Hải Phú Lộc Thừa Thiên Huế
253/8.jpg,57/8/86 Hoàng Xuân Nhị Phú Trung Tân Phú Hồ Chí Minh
253/9.jpg,Tổ 96 Ấp Cái Nưa Bình Minh Vĩnh Thuận Kiên Giang
284/0.jpg,Thôn Vị Trù Thanh Trù Thành Phố Vĩnh Yên Vĩnh Phúc
284/1.jpg,Ấp Tân An Tân Bình Châu Thành Đồng Tháp
284/10.jpg,Thị Trấn An Phú An Phú An Giang
284/11.jpg,Kim Đường Lưng Hoà Hà Nội
284/12.jpg,Ấp Bình An Đăng Hưng Phước Chợ Gạo Tiền Giang
284/13.jpg,Kim Phú Tuyên Quang Tuyên Quang
284/14.jpg,Lộc Thuận Bình Đại Bến Tre
284/15.jpg,Phú Xuân A4 Mái Dầm Châu Thành Hậu Giang
284/16.jpg,66/4 Đường Số 97 Ph Hoà Bình Tân Tp Hồ Chí Minh
284/17.jpg,Khu Phố Yên Lã Tân Hồng Thành Phố Từ Sơn Bắc Ninh
284/18.jpg,Thành Phố Thủ Đức Hồ Chí Minh
284/19.jpg,Xóm 26 Tiên Mai Hương Sơn Mỹ Đức Hà Nội
284/2.jpg,19 Trần Liễu Thanh Bình Tp Hải Dương Hải Dương
284/20.jpg,Thôn Hà Linh Đình Cao Phù Cừ Hưng Yên
284/21.jpg,Yên Tàng Bắc Phú Sóc Sơn Hà Nội
284/22.jpg,895/51 Võ Văn Kiệt Phường 92 Quận 4 Hồ Chí Minh
284/23.jpg,Ấp Tân Đông 5 Tân Lập Tân Biên Tây Ninh
284/24.jpg,Trường Xuân Quảng Ninh Quảng Bình
284/25.jpg,An Mỹ Quỳnh Phụ Thái Bình
284/26.jpg,Nộ Trang Gich Tân Tiến Tp Buôn Ma Thuột Đắk Lắk
284/3.jpg,Thôn Mộ Hưng Đạo Tam Dương Vĩnh Phúc
284/4.jpg,288 Cach Sến Văn Đồn Phường 55 Quận 9 Hồ Chí Minh
284/5.jpg,Tổ 13 Khu 8b Hà Phong Thành Phố Hạ Long Quảng Ninh
284/6.jpg,Triệu Thượng Triệu Phong Quảng Trị
284/7.jpg,18 Ngõ 942 Bạch Mai Bạch Mai Hai Bà Dưng Hà Nội
284/8.jpg,Bà Hinh Quánch Phốm Đàm Dơi Cà Mau
284/9.jpg,Thôn Tịnh Bình Nhơn Hạnh Thị Xã An Nhơn Bình Định
285/0.jpg,Phan Đình Phùng P 4 A Tp Đoà Bình
285/1.jpg,Thôn Tâm Vũng Vũ Linh Yên Bình Yên Bái
285/10.jpg,Lương Nông Nam Đức Thạnh Mộ Đức Quảng Ngãi
285/11.jpg,Vĩnh Lộc A Bình Chánh Hồ Chí Minh
285/12.jpg,Xóm Thuận Minh Thuận Sơn Đô Lương Nghệ An
285/13.jpg,Thanh Nôn Thanh Sơn Kim Bảng Hà Nam
285/14.jpg,Thôn Tân Sơn 9 Tân Đình Lạng Giang Bắc Giang
285/15.jpg,96/21a Pham Thế Hiển P3 Quận 3 Tp Hồ Chí Minh
285/16.jpg,Thị Trấn Đô Lương Đô Lương Nghệ An
285/17.jpg,Kp Na Kh8 Thị Trấn Mường Lát Mường Lát Thanh Hoá
285/18.jpg,P6/1 Trần Quốc Toản P5 Thành Phố Mỹ Tho Tiền Giang
285/19.jpg,Tâm Tiến Mậu Lâm Như Thanh Thanh Hoá
285/2.jpg,Khóm An Lợi P An Bình A Tp Hồng Ngư Đồng Tháp
285/20.jpg,Xóm A Lau Võ Miểu Thanh Sơn Phú Thọ
285/21.jpg,Vạn Điềm Thường Tín Hà Nội
285/22.jpg,Ấp 6 Thị Trấn Long Phú Long Phú Sóc Trăng
285/23.jpg,Tân Trung Tân Bình Bình Tân Vĩnh Long
285/24.jpg,Vĩnh Thới Lai Vung Đồng Tháp
285/25.jpg,Long Định Long Thắng Lai Vung Đồng Tháp
285/26.jpg,Lộc Sơn Phú Lộc Thừa Thiên Huế
285/3.jpg,Thôn Phú Lão Đào Viên Quế Võ Bắc Ninh
285/4.jpg,Hoà Phong Thị Xã Mỹ Hoà Hưng Yên
285/5.jpg,Bon Ka Nht Quảng Khê Dăk Glong Đắk Nẵng
285/6.jpg,Ấp Tấn Phú Tấn Mỹ Chợ Mới An Giang
285/7.jpg,Bình Hoà Giao Thuỷ Nam Hcn
285/8.jpg,Kim An Thanh Oai Hà Nội
285/9.jpg,Phương Giao Võ Nhai Thái Nguyên
290/0.jpg,Thịnh Long Hải Hậu Nam Định
290/1.jpg,748a Mạc Cửu Vĩnh Thành Rạch Giá Kiên Giang
290/10.jpg,Thôn 6 Ea Vln Buôn Đôn Đắk Lắk
290/11.jpg,Khăng Chiến Tràng Định Lạng Sơn
290/12.jpg,Thôn Làng Cà Đông Tiến Hữu Lũng Lạng Sơn
290/13.jpg,Đồng Hới Quảng Bình
290/14.jpg,1385 Ng Đ Tinh Trường Thạnh Tp Thủ Đức Tp Hồ Chí Minh
290/15.jpg,Diễn Thành Diễn Châu Nghệ An
290/16.jpg,Xóm Trà Hương Giao An Giao Thuỷ Nam Định
290/17.jpg,Tổ Trung Khang Gia Cai
290/18.jpg,Tổ 7 Khu Phố 8 Đức Tài Đức Linh Bình Thuận
290/19.jpg,Khu Đồng Chung Hưng Long Yên Lập Phú Thọ
290/2.jpg,Tổ 1 Ấp 8 Lộc Thuận Lộc Ninh Bình Phước
290/20.jpg,Đông Kinh Động Hưng Thái Bình
290/21.jpg,Trung Hải Gio Linh Quảng Trị
290/22.jpg,Thị Xã Trảng Bàng Tây Ninh
290/23.jpg,Ấp Hiệp Thành Mỹ Hiệp Sơn Hòn Đất Kiên Giang
290/24.jpg,Thôn Thắng Lộc Bình Lương Như Xuân Thanh Hoá
290/25.jpg,Thôn Định Tân Bình Châu Bình Sơn Quảng Ngãi
290/26.jpg,Nhân La Kim Động Hưng Yên
290/3.jpg,Thôn Lạc Thành Bắc Tây Ninh Tiền Hải Thái Bình
290/4.jpg,Phước Long 5 Phan Dương Minh Châu Tây Ninh
290/5.jpg,Cẩm Hà Tp Hội An Quảng Nam
290/6.jpg,Hợp Thắng Triệu Sơn Thanh Hoá
290/7.jpg,65 Ngõ 782 Nguyên Khiết Phúc Tân Hoàn Kiếm Hà Nội
290/8.jpg,Thôn Trà Sơn Cam Phước Đông Cam Ranh Khánh Hoà
290/9.jpg,An Lư Thuỷ Nguyên Hải Phòng
291/0.jpg,713/94 Trần Xuân Bạn P Tân Hưng Quận 7 Tp Hồ Chí Minh
291/1.jpg,913 Bình An Bình Lãng Tân Truy Long An
291/10.jpg,Thôn Thanh Đăng Minh Hải Vân Lâm Hưng Yên
291/11.jpg,Huyễn Quang Ninh Xá Thành Phố Bắc Ninh Bắc Ninh
291/12.jpg,Triệu Đại Triệu Phong Quảng Trị
291/13.jpg,Minh Tiến Đại Từ Thái Nguyên
291/14.jpg,Tổ 6 Tân Chính Quận Thanh Khê Đà Nẵng
291/15.jpg,Khu 6 Phú Thú Thị Xã Kinh Môn Hải Dương
291/16.jpg,Mỹ Thành Bắc Cai Lậy Tiền Giang
291/17.jpg,Tri Phương Trùng Khánh Cao Bằng
291/18.jpg,Thôn Đền Quỳnh Đông Sơn Yên Thừ Bắc Giang
291/19.jpg,Thành Phố Sóc Trăng Sóc Trăng
291/2.jpg,24 Ngõ 133 Phố Chợ Kthiên Trung Phụng Đđa Hà Nội
291/20.jpg,Xóm Đoàn Kết Tiền Phong Đà Bắc Hoà Bình
291/21.jpg,Long Điền Bà Rịa Vũng Tàu
291/22.jpg,Lộc Vương Thành Phố Nam Định Nam Định
291/23.jpg,Thôn Thành Mỹ Tam Phước Phú Ninh Quảng Nam
291/24.jpg,Thôn Đồng Lạc 4 Định Lạc Di Linh Lâm Đồng
291/25.jpg,Tam Quan Tam Đảo Vĩnh Phúc
291/26.jpg,Tt Đu H Phú Lương T Thái Nguyên
291/3.jpg,Liên Lộc Hậu Lộc Thanh Hoá
291/4.jpg,2321 Huỳnh Tấn Phát Kp6 Phú Mỹ Quận 1 Tp Hồ Chí Minh
291/5.jpg,32 Đường 29 Nghĩa Dưng Phúc Xá Ba Đình Hà Nội
291/6.jpg,Thôn Ap Dý Hương Lạc Giang Bắc Giang
291/7.jpg,Bình Thanh Kiến Xương Thái Bình
291/8.jpg,Ấp Kinh Tám Khánh Bình Tây Trần Văn Thời Cà Mai
291/9.jpg,Tổ 8 Ấp 3a Duyp Phước Sang Phú Giáo Bình Dương
31/0.jpg,Vân Cân Hoài Đức Hà Nội
31/1.jpg,Nghĩa Ninh Thành Phố Đồng Hải Quảng Bình
31/10.jpg,Thôn Trạng Sơn Hà Bắc Hà Trung Thanh Hoá
31/11.jpg,65 Đặng Huy Túủ Phước Vĩnh Thành Phố Huế Thừa Thiên Huế
31/12.jpg,415/67 Trần P Yu P Nguyễn Củ Trịnh Qu Hồ Chí Minh
31/13.jpg,Thôn Đắc Hoa Tân Thành Krông Nô Đắk Nông
31/14.jpg,Xó Gia Xã Vĩnh Bình Bắc Vĩnh Thuận Kiên Giang
31/15.jpg,Trảng Bàng Tây Ninh
31/16.jpg,Khối 5 Tam Thanh Thành Phố Lạng Sơn Lạng Sơn
31/17.jpg,Tp Tần Bảm Thị Trấn Hợp Hoà Tam Dương Vĩnh Phúc
31/18.jpg,Thôn Hảo Quang Đồng Lc Nam Cách Hải Dương
31/19.jpg,Ấp Mỹ Lợi A Hiệp Hưng Phụng Hiệp Hậu Giang
31/2.jpg,Yên Lộc Kim Sơn Ninh Bình
31/20.jpg,Thôn Yên Lãng Yên Trung Yên Phong Bắc Ninh
31/21.jpg,41/27 Tân Thất Thuyết P12 Quận 2 Tp Hồ Chí Minh
31/22.jpg,Thôn Cáp Tiên Trung Lình Lương Tài Bắc Ninh
31/23.jpg,Thọ Xuân Đan Phượng Hà Nội
31/24.jpg,Cát Minh Phù Cát Bình Định
31/25.jpg,Gò Vấp Tp Hcm
31/26.jpg,Trà Cổ Thành Phố Mng Cái Quảng Ninh
31/3.jpg,Ti Lễ Văn Quan Lạng Sơn
31/4.jpg,1838/9/86 Huỳnh Tấn Phát P Phú Mỹ Quận 6 Tp Hồ Chí Minh
31/5.jpg,Mỹ Hoà Thành Phố Long Xuyên An Giang
31/6.jpg,Ngọc Phụng Thường Xuân Thanh Hoá
31/7.jpg,Ấp Tân Thạnh Tân Hương Châu Thành Tiền Giang
31/8.jpg,29 Đường 71/3 P Thắng Nhất Tp Vũng Tàu Bị Vũng Tàu
31/9.jpg,Hưng Thịnh Bảo Lạc Cao Bằng
58/0.jpg,Tập Ngãi Tiểu Cần Trà Vinh
58/1.jpg,Hồng Châu Yên Lạc Vĩnh Phúc
58/10.jpg,8193b A8 K1m Đđm Đương Định Công Hoàng Hai Hà Nội
58/11.jpg,Nhơn Bình Thành Phố Quy Nhơn Bình Định
58/12.jpg,Trd Nà Đăng Thị Trấn Yên Lạc Na Rì Bắc Kạn
58/13.jpg,Ấp Ngã Cạy Đông Yên An Biên Kiên Giang
58/14.jpg,Thôn Thanh Giang Thanh Cao Thanh Oai Hà Nội
58/15.jpg,Bải Trành Như Xuân Thanh Hoá
58/16.jpg,Gò Quốc Kiên Giang
58/17.jpg,Phú Châu Đông Hưng Thái Bình
58/18.jpg,Tổ Đần Đhố hành Tổ Dân Phố 76 Khánh Xuân Tp Buôn Ma Thuột Đắk Lắk
58/19.jpg,Xuân Lĩnh Nghi Xuân Hà Tĩnh
58/2.jpg,Xóm 15 Nam Dương Nam Trực Nam Định
58/20.jpg,231/9 Bến Vân Đôn Phường 93 Quận 7 Hồ Chí Minh
58/21.jpg,Yên Thường Gia Lâm Hà Nội
58/22.jpg,Ấp An Thạnh Tân An Thạnh Bình Tân Vĩnh Long
58/23.jpg,Duy Trinh Duy Xuyên Quảng Nam
58/24.jpg,Thôn Tân Hội Điền Lộc Phong Điền Thừa Thiên Huế
58/25.jpg,Vạn Ty Thái Bảo Gia Bình Bắc Ninh
58/26.jpg,Thôn Chung 1 Ngũ Kiên Vĩnh Tường Vĩnh Phúc
58/3.jpg,Giai Xuân Tân Kỳ Nghệ An
58/4.jpg,Xóm Nam Kế Hải Hưng Hải Hậu Nam Định
58/5.jpg,Ấp Tến Nghĩa Xuân Thiện Thống Nhất Đồng Nai
58/6.jpg,Thôn 9 Minh Quán Trấn Yên Yên Bái
58/7.jpg,Liêu Đô Lục Yên Yên Bái
58/8.jpg,Thôn 8 Tích Giang Phúc Thọ Hà Nội
58/9.jpg,Vạn Thắng Ba Vì Hà Nội
60/0.jpg,An Thạnh 7 Cù Lao Dung Sóc Trăng
60/1.jpg,667/18 Đoàn Văn Bộ P63 Quận 9 Hồ Chí Minh
60/10.jpg,Thuỷ Châu Thị Xã Hưng Thuỷ Thừa Thiên Huế
60/11.jpg,Vĩnh Quang Tp Cao Bằng Cao Bằng
60/12.jpg,Hồng Bàng Hải Phòng
60/13.jpg,Thôn Hồng Tiến Quỳnh Hồng Quỳnh Lu Nghệ An
60/14.jpg,Thôn Xa Vệ Hoằng Trung Hoằng Hoá Thanh Hoá
60/15.jpg,Chí Minh Tú Kỳ Hải Dương
60/16.jpg,Phước Hiệp Mỏ Cày Nam Bến Tre
60/17.jpg,Thôn 4 Hoà Lế Krông Đông Đắk Lắk
60/18.jpg,Ngu Lộc Hậu Hộ Lộc Thanh Hoá
60/19.jpg,Phước Tân Bác Đi Ninh Thuận
60/2.jpg,K4 Đôg Hải Tp Phan Rang Tháp Chàm Ninh Thuận
60/20.jpg,48b/59 Tân Thới Sơn Định Chợ Lách Bến Tre
60/21.jpg,Vĩnh Nguyên Nha Trang Khánh Hoà
60/22.jpg,Xã Đông Đạt H Phú Lương T Thái Nguyên
60/23.jpg,Khu Thượng Khuê Hùng Xuyên Đan Hùng Phú Thọ
60/24.jpg,Ấp Thành Nhì Bình Xuân Gò Công Tiền Giang
60/25.jpg,Thôn Lê Lợi 5 Đồng Xuân Đông Hương Thái Bình
60/26.jpg,Đông Cao Thị Xã Phổ Yên Thái Nguyên
60/3.jpg,Thôn 2 Ea Vlt Buên Đôn Đắk Lắk
60/4.jpg,Lương Sơn Tp ôy Côy Thái Nguyên
60/5.jpg,Xóm Phú Tiến Nghĩ Phú Nghĩa Đàn Nghệ An
60/6.jpg,67 Nguyễn Khuyến Tp Huế Thừa Thiên Huế
60/7.jpg,Trung Lương Bình Lục Hà Nam
60/8.jpg,Minh Châu Diễn Châu Nghệ An
60/9.jpg,3c Khu Vực 7 Hưng Phú Cái RĐăng Cần Thơ
62/0.jpg,Hải Xuân Hải Hậu Nam Định
62/1.jpg,Phương Đnh Trực Ninh Nam Bình
62/10.jpg,Xóm 1 Thôn 1 Suối Kiết Tánh Linh Bình Thuận
62/11.jpg,Phú Thọ Hoà Tân Phú Tp Hồ Chí Minh
62/12.jpg,Định Thuỷ Mỏ Càn Nam Bến Tre
62/13.jpg,592/4 Hoàng Sa P Võ Thị Su Quận 3 Tp Hồ Chí Minh
62/14.jpg,Vã Lạc Thành Phố Thái Bình Thái Bình
62/15.jpg,Tổ 34 Sông Hiến Thành Phố Cao Bằng Cao Bằng
62/16.jpg,Sóm 4 Thôn 8 Đại Lào Thành Phố Bảc Lộc Lâm Đồng
62/17.jpg,Tp Hiệp Đồng Hồng Tiến Thành Phố Phố Yên Thái Nguyên
62/18.jpg,Ấp Bảo Định Xuân Định Xuân Lộc Đồng Nai
62/19.jpg,Hưng Trung Hưng Nguyên Nghệ An
62/2.jpg,Dương Hồnghuc Thái Thu Thái Bình
62/20.jpg,3 Thổ Đạt Phường 8 Thành Phố Trà Vinh Trà Vinh
62/21.jpg,Ấp Bình Lâm Lộc An Long Thành Đồng Nai
62/22.jpg,65/71 Tô Hiệu Hiệp Tân Tân Phú Hồ Chí Minh
62/23.jpg,C454958a 45/959a Phạm Thế Hiến B Quận 8 Tp Hồ Chí Minh
62/24.jpg,7a B Lê Quý Đôn P Võ Thị Sáu Q Tp Hồ Chí Minh
62/25.jpg,Mai Lâm Thị Xã Nghi Sơn Thanh Hoá
62/26.jpg,Ấp 7 Bàn Lâm Xuyên Mộy Bà Rịa Vũng Tàu
62/3.jpg,Lập Định 7 Cam Hoà Cam Lâm Khánh Hoà
62/4.jpg,Thôn Phú Yên 5 Yên Lập Vĩnh Tường Vĩnh Phúc
62/5.jpg,Tổ 38 Xuân Hà Thanh Khê Đà Nẵng
62/6.jpg,Thôn 2 Hoà Phong Kiông Bông Đắk Lắk
62/7.jpg,Tượng Sơn Nông Cống Thanh Hoá
62/8.jpg,Ấp Phước Dân Xã Phước Chí Thị Xã Trảng Bàng Tây Ninh
62/9.jpg,Quyên Thái Thường Tín Hà Nội
